{
    "Speech": 0.2,
    "Shout": 0.2,
    "Chainsaw": 0.15000000000000002,
    "Jackhammer": 0.15000000000000002,
    "Lawn Mower": 0.2,
    "Power Drill": 0.15000000000000002,
    "Dog Bark": 0.3,
    "Rooster Crow": 0.1,
    "Horn Honk": 0.1,
    "Siren": 0.3
}